{
  "generated": "2026-04-20T21:06:46Z",
  "python": "3.11.15",
  "numpy": "2.4.4",
  "platform": "linux",
  "quick_mode": false,
  "board_sizes": [
    20,
    30,
    40
  ],
  "results": {
    "bench_state_copy": {
      "min_us": 5.989,
      "median_us": 6.149,
      "mean_us": 6.6781631,
      "p50_us": 6.149,
      "p90_us": 8.3641,
      "p99_us": 12.005670000000014,
      "iters": 10000,
      "target_us": 50.0,
      "pass": true
    },
    "bench_legal_actions": {
      "min_us": 0.594,
      "median_us": 0.635,
      "mean_us": 0.7243259550000001,
      "p50_us": 0.635,
      "p90_us": 1.043,
      "p99_us": 1.284,
      "iters": 200000,
      "target_us": 2.0,
      "pass": true
    },
    "bench_step_no_enclosure": {
      "min_us": 5.006,
      "median_us": 12.121,
      "mean_us": 556.1218269097624,
      "p50_us": null,
      "p90_us": null,
      "p99_us": null,
      "iters": 47663,
      "target_us": 20.0,
      "pass": true
    },
    "bench_step_with_enclosure": {
      "min_us": 126.437,
      "median_us": 129.3395,
      "mean_us": 136.0446968,
      "p50_us": null,
      "p90_us": null,
      "p99_us": null,
      "iters": 5000,
      "target_us": 250.0,
      "pass": true,
      "enclosure_hit_rate": 1.0
    },
    "bench_full_game_random_20": {
      "min_us": 6483.805,
      "median_us": 22467.3035,
      "mean_us": 22579.21751375,
      "p50_us": 22467.3035,
      "p90_us": 30712.764600000002,
      "p99_us": 38035.83753,
      "iters": 800,
      "target_us": 12500.0,
      "pass": true,
      "board_size": 20.0,
      "mean_turns_per_game": 164.59625,
      "turns_per_sec": 7289.723388322305,
      "games_per_min": 2657.3108640041214
    },
    "bench_rollout_throughput_20": {
      "min_us": 5626.739,
      "median_us": 21382.4745,
      "mean_us": 21449.9270525,
      "p50_us": 21382.4745,
      "p90_us": 29155.243500000004,
      "p99_us": 35903.99718,
      "iters": 2000,
      "target_us": null,
      "pass": true,
      "board_size": 20.0,
      "games_per_sec": 46.52053353826782,
      "games_per_min": 2791.232012296069,
      "target_games_per_sec": 1000.0,
      "games_per_sec_pass": 0.0
    },
    "bench_trigger_fire_rate_20": {
      "min_us": 0.0,
      "median_us": 0.0,
      "mean_us": 0.0,
      "p50_us": null,
      "p90_us": null,
      "p99_us": null,
      "iters": 50,
      "target_us": null,
      "pass": true,
      "board_size": 20.0,
      "num_players": 4.0,
      "steps": 8067.0,
      "trigger_fires": 2491.0,
      "enclosures": 368.0,
      "wasted_fires": 2123.0,
      "wasted_rate": 0.8522681653954235,
      "wall_s": 1.125772797
    },
    "bench_full_game_random_30": {
      "min_us": 16779.109,
      "median_us": 81074.982,
      "mean_us": 81594.12831267605,
      "p50_us": 81074.982,
      "p90_us": 119955.24840000005,
      "p99_us": 141074.02813999998,
      "iters": 355,
      "target_us": 28125.0,
      "pass": true,
      "board_size": 30.0,
      "mean_turns_per_game": 249.03661971830985,
      "turns_per_sec": 3052.1389819127558,
      "games_per_min": 735.3470309784375
    },
    "bench_rollout_throughput_30": {
      "min_us": 7827.262,
      "median_us": 65308.0235,
      "mean_us": 67115.8719617117,
      "p50_us": 65308.0235,
      "p90_us": 100876.83650000002,
      "p99_us": 127729.4938,
      "iters": 888,
      "target_us": null,
      "pass": true,
      "board_size": 30.0,
      "games_per_sec": 14.885902411482551,
      "games_per_min": 893.154144688953,
      "target_games_per_sec": 1000.0,
      "games_per_sec_pass": 0.0
    },
    "bench_trigger_fire_rate_30": {
      "min_us": 0.0,
      "median_us": 0.0,
      "mean_us": 0.0,
      "p50_us": null,
      "p90_us": null,
      "p99_us": null,
      "iters": 50,
      "target_us": null,
      "pass": true,
      "board_size": 30.0,
      "num_players": 4.0,
      "steps": 11898.0,
      "trigger_fires": 3874.0,
      "enclosures": 492.0,
      "wasted_fires": 3382.0,
      "wasted_rate": 0.8729994837377387,
      "wall_s": 3.83772871
    },
    "bench_full_game_random_40": {
      "min_us": 29373.816,
      "median_us": 162446.047,
      "mean_us": 173584.12868,
      "p50_us": 162446.047,
      "p90_us": 280009.671,
      "p99_us": 342132.0516699999,
      "iters": 200,
      "target_us": 50000.0,
      "pass": true,
      "board_size": 40.0,
      "mean_turns_per_game": 301.24,
      "turns_per_sec": 1735.412115674077,
      "games_per_min": 345.6537210876531
    },
    "bench_rollout_throughput_40": {
      "min_us": 3583.387,
      "median_us": 56929.8195,
      "mean_us": 66927.962784,
      "p50_us": 56929.8195,
      "p90_us": 132200.02670000007,
      "p99_us": 213118.82785999996,
      "iters": 500,
      "target_us": null,
      "pass": true,
      "board_size": 40.0,
      "games_per_sec": 14.927771495600794,
      "games_per_min": 895.6662897360477,
      "target_games_per_sec": 1000.0,
      "games_per_sec_pass": 0.0
    },
    "bench_trigger_fire_rate_40": {
      "min_us": 0.0,
      "median_us": 0.0,
      "mean_us": 0.0,
      "p50_us": null,
      "p90_us": null,
      "p99_us": null,
      "iters": 50,
      "target_us": null,
      "pass": true,
      "board_size": 40.0,
      "num_players": 4.0,
      "steps": 14014.0,
      "trigger_fires": 4572.0,
      "enclosures": 587.0,
      "wasted_fires": 3985.0,
      "wasted_rate": 0.8716097987751531,
      "wall_s": 8.163864111
    }
  }
}
