{
  "generated": "2026-04-20T22:23:12Z",
  "python": "3.11.15",
  "numpy": "2.4.4",
  "platform": "linux",
  "quick_mode": false,
  "board_sizes": [
    20,
    30,
    40
  ],
  "results": {
    "bench_state_copy": {
      "min_us": 6.118,
      "median_us": 6.3,
      "mean_us": 6.7676283999999995,
      "p50_us": 6.3,
      "p90_us": 6.756400000000001,
      "p99_us": 12.425100000000002,
      "iters": 10000,
      "target_us": 50.0,
      "pass": true
    },
    "bench_legal_actions": {
      "min_us": 0.599,
      "median_us": 0.64,
      "mean_us": 0.68138473,
      "p50_us": 0.64,
      "p90_us": 0.66,
      "p99_us": 1.24,
      "iters": 200000,
      "target_us": 2.0,
      "pass": true
    },
    "bench_step_no_enclosure": {
      "min_us": 2.54,
      "median_us": 4.625,
      "mean_us": 446.9585097035436,
      "p50_us": null,
      "p90_us": null,
      "p99_us": null,
      "iters": 47663,
      "target_us": 20.0,
      "pass": true
    },
    "bench_step_with_enclosure": {
      "min_us": 110.51,
      "median_us": 112.802,
      "mean_us": 118.736956,
      "p50_us": null,
      "p90_us": null,
      "p99_us": null,
      "iters": 5000,
      "target_us": 250.0,
      "pass": true,
      "enclosure_hit_rate": 1.0
    },
    "bench_full_game_random_20": {
      "min_us": 5016.498,
      "median_us": 16538.489,
      "mean_us": 16540.9781225,
      "p50_us": 16538.489,
      "p90_us": 22084.6391,
      "p99_us": 25890.685899999997,
      "iters": 800,
      "target_us": 12500.0,
      "pass": true,
      "board_size": 20.0,
      "mean_turns_per_game": 164.59625,
      "turns_per_sec": 9950.817223807739,
      "games_per_min": 3627.355018285437
    },
    "bench_rollout_throughput_20": {
      "min_us": 4328.521,
      "median_us": 15563.3,
      "mean_us": 15601.787369000001,
      "p50_us": 15563.3,
      "p90_us": 21318.556,
      "p99_us": 25300.56725,
      "iters": 2000,
      "target_us": null,
      "pass": true,
      "board_size": 20.0,
      "games_per_sec": 63.92737770724792,
      "games_per_min": 3835.642662434875,
      "target_games_per_sec": 1000.0,
      "games_per_sec_pass": 0.0
    },
    "bench_rollout_fastpath_throughput_20": {
      "min_us": 4265.555,
      "median_us": 15372.604,
      "mean_us": 15473.1645195,
      "p50_us": 15372.604,
      "p90_us": 20926.908700000004,
      "p99_us": 25190.35772,
      "iters": 2000,
      "target_us": null,
      "pass": true,
      "board_size": 20.0,
      "games_per_sec": 64.43759176996626,
      "games_per_min": 3866.2555061979756,
      "target_games_per_sec": 1000.0,
      "games_per_sec_pass": 0.0
    },
    "bench_trigger_fire_rate_20": {
      "min_us": 0.0,
      "median_us": 0.0,
      "mean_us": 0.0,
      "p50_us": null,
      "p90_us": null,
      "p99_us": null,
      "iters": 50,
      "target_us": null,
      "pass": true,
      "board_size": 20.0,
      "num_players": 4.0,
      "steps": 8067.0,
      "trigger_fires": 2491.0,
      "enclosures": 368.0,
      "wasted_fires": 2123.0,
      "wasted_rate": 0.8522681653954235,
      "wall_s": 0.911464798
    },
    "bench_full_game_random_30": {
      "min_us": 12597.309,
      "median_us": 61584.253,
      "mean_us": 61087.44947323944,
      "p50_us": 61584.253,
      "p90_us": 89239.89420000001,
      "p99_us": 105962.63887999995,
      "iters": 355,
      "target_us": 28125.0,
      "pass": true,
      "board_size": 30.0,
      "mean_turns_per_game": 249.03661971830985,
      "turns_per_sec": 4076.7231545230134,
      "games_per_min": 982.198479677633
    },
    "bench_rollout_throughput_30": {
      "min_us": 5893.225,
      "median_us": 49653.1395,
      "mean_us": 50601.26999436937,
      "p50_us": 49653.1395,
      "p90_us": 75306.5403,
      "p99_us": 97894.27315000001,
      "iters": 888,
      "target_us": null,
      "pass": true,
      "board_size": 30.0,
      "games_per_sec": 19.73848301450933,
      "games_per_min": 1184.30898087056,
      "target_games_per_sec": 1000.0,
      "games_per_sec_pass": 0.0
    },
    "bench_rollout_fastpath_throughput_30": {
      "min_us": 6104.171,
      "median_us": 48679.4855,
      "mean_us": 49743.38945833334,
      "p50_us": 48679.4855,
      "p90_us": 74519.0871,
      "p99_us": 94371.27386,
      "iters": 888,
      "target_us": null,
      "pass": true,
      "board_size": 30.0,
      "games_per_sec": 20.07578992543803,
      "games_per_min": 1204.547395526282,
      "target_games_per_sec": 1000.0,
      "games_per_sec_pass": 0.0
    },
    "bench_trigger_fire_rate_30": {
      "min_us": 0.0,
      "median_us": 0.0,
      "mean_us": 0.0,
      "p50_us": null,
      "p90_us": null,
      "p99_us": null,
      "iters": 50,
      "target_us": null,
      "pass": true,
      "board_size": 30.0,
      "num_players": 4.0,
      "steps": 11898.0,
      "trigger_fires": 3874.0,
      "enclosures": 492.0,
      "wasted_fires": 3382.0,
      "wasted_rate": 0.8729994837377387,
      "wall_s": 2.911612486
    },
    "bench_full_game_random_40": {
      "min_us": 24072.559,
      "median_us": 126977.5265,
      "mean_us": 136375.599025,
      "p50_us": 126977.5265,
      "p90_us": 220158.9905,
      "p99_us": 260651.07045999996,
      "iters": 200,
      "target_us": 50000.0,
      "pass": true,
      "board_size": 40.0,
      "mean_turns_per_game": 301.24,
      "turns_per_sec": 2208.899555006006,
      "games_per_min": 439.96140386522495
    },
    "bench_rollout_throughput_40": {
      "min_us": 2817.699,
      "median_us": 44673.6785,
      "mean_us": 52033.102898000005,
      "p50_us": 44673.6785,
      "p90_us": 101114.70650000004,
      "p99_us": 165849.59590999992,
      "iters": 500,
      "target_us": null,
      "pass": true,
      "board_size": 40.0,
      "games_per_sec": 19.195625049111097,
      "games_per_min": 1151.737502946666,
      "target_games_per_sec": 1000.0,
      "games_per_sec_pass": 0.0
    },
    "bench_rollout_fastpath_throughput_40": {
      "min_us": 2860.128,
      "median_us": 44611.0645,
      "mean_us": 51889.64695,
      "p50_us": 44611.0645,
      "p90_us": 104383.625,
      "p99_us": 162280.14327999987,
      "iters": 500,
      "target_us": null,
      "pass": true,
      "board_size": 40.0,
      "games_per_sec": 19.246385828917585,
      "games_per_min": 1154.783149735055,
      "target_games_per_sec": 1000.0,
      "games_per_sec_pass": 0.0
    },
    "bench_trigger_fire_rate_40": {
      "min_us": 0.0,
      "median_us": 0.0,
      "mean_us": 0.0,
      "p50_us": null,
      "p90_us": null,
      "p99_us": null,
      "iters": 50,
      "target_us": null,
      "pass": true,
      "board_size": 40.0,
      "num_players": 4.0,
      "steps": 14014.0,
      "trigger_fires": 4572.0,
      "enclosures": 587.0,
      "wasted_fires": 3985.0,
      "wasted_rate": 0.8716097987751531,
      "wall_s": 6.394453423
    }
  }
}
